h3k27me3_percentile	h3k36me3_percentile	status	prediction	name
0.189252336448598	0.885514018691589	BAE	BAE	IQGAP1
0.233644859813084	0.925233644859813	BAE	BAE	IREB2
0.536214953271028	0.636682242990654	BAE	BAE	KLF13
0.310747663551402	0.617990654205608	BAE	BAE	MAP2K5
0.521028037383178	0.309579439252336	MAE	MAE	OCA2
0.132009345794393	0.910046728971963	BAE	BAE	SIN3A
0.468457943925234	0.535046728971963	BAE	BAE	TMOD2
